Puesto	User 1	Nombre 1	Asistencia	User 2	Nombre 2	Asistencia
 **E10 01-A** 	 hhase 	 Hannes Hase 	T	  	   	
 **E10 01-B** 	 CrescenteUC 	 Crescente Joglar 	T	  	   	
 **E10 01-E** 	 matnagra 	 MatÃ_as Navarrete 	T	  	   	
 **E10 01-F** 	 Jricci1 	 JoaquÃ_n Ricci 	T	  	   	
 **E10 02-A** 	 Phytonia-Master 	 Luis Ampuero 	T	  	   	
 **E10 02-B** 	 fcgfaura 	 Fernanda Garcia 	T	  	   	
 **E10 02-C/D** 	 bregonesi 	 BenjamÃ_n Regonesi 	T	 dasotosilva19 	 Daniel Soto 	T
 **E10 02-E/F** 	 ifcarrera 	 Isaac Carrera 	T	 JoseMacherone 	 José Macherone 	T
 **E10 02-G/H** 	 Joseromeroi 	 Jose Romero 	T	 hmmundaca 	 Herman Mundaca 	T
 **E10 02-I/J** 	 vlcastillo 	 ValentÃ_n Castillo 	T	 stephichau 	 Stephanie Chau 	T
 **E10 02-K/L** 	 cdonoso 	 Clemente Donoso 		 moralillo 	 Tomás Morales 	T
 **E10 03-A/B** 	 iavasquez1 	 Iván Vásquez 	T	 noksenberg 	 Niv Oksenberg 	T
 **E10 03-C/D** 	 bceppi 	 BastiÃ¡n Ceppi 	T	 micostabal 	 MartÃ_n CostÃ¡bal 	T
 **E10 03-E/F** 	 abulnes1 	 Arturo Bulnes 	T	 jagaldames 	 José Galdames 	T
 **E10 03-G/H** 	 caackermann 	 Christian Ackermann 	T	 jicortes2 	 Juan Cortés 	T
 **E10 03-I/J** 	 rmant 	 Raimundo Manterola 	T	 andresback 	 Andrés Back 	T
 **E10 03-K/L** 	 criscv94 	 Cristian Cortés 	T	 andersskog 	 Anders Skog 	T
 **E10 04-A/B** 	 fipasten 	 Fernando Past̩n 	T	 icontrerasn 	 ̍talo Contreras 	T
 **E10 04-C/D** 	 pifarias 	 Pedro FarÃ_as 	T	 JoseDaroch 	 JosÃ© Daroch 	T
 **E10 04-E/F** 	 wayoalamos 	 MartÃ_n ÃÅlamos 	T	 mandrade2 	 MatÃ_as Andrade 	T
 **E10 04-G/H** 	 camiolguin 	 Camila OlguÃ_n 	T	 FranciscoRencoret1 	 Francisco Rencoret 	T
 **E10 04-I/J** 	 arturodelreal 	 Arturo Del Real 	T	 jtagle2 	 JoaquÃ_n Tagle 	
 **E10 04-K/L** 	 spiza 	 Sebastián Piza 	T	 dtfuller 	 David Fuller 	T
 **E10 05-A/B** 	 rorpis 	 Rodrigo Orpis 	T	 MortizDX 	 Mauricio Ortiz 	T
 **E10 05-C/D** 	 augustoal 	 Augusto AriztÃ_a 	T	 Eduherrera5 	 Eduardo Herrera 	
 **E10 05-E/F** 	 bvfernandez 	 Bernardita Fernández 		 neberrios 	 Nicolas Berrios 	T
 **E10 05-G/H** 	 Manuel-uc 	 Manuel Aylwin 	T	 Zanfor 	 MatÃ_as ZanforlÃ_n 	T
 **E10 05-I/J** 	 FernandoPieressa 	 Fernando Pieressa 	T	 dlvasquez 	 Diego Vásquez 	T
 **E10 05-K/L** 	 laurateuber 	 Laura Teuber 	T	 sguerra2 	 Sebastián Guerra 	
 **E10 06-A/B** 	 evd995 	 Esteban Villalobos 	T	 leylayunis 	 Leyla Yunis 	T
 **E10 06-C/D** 	 ftgatica 	 Felipe Gatica 	T	 jedelacarrera 	 Jorge De La Carrera 	T
 **E10 06-E/F** 	 mglambert 	 Mathias Lambert 	T	 joaquincastillo 	 JoaquÃ_n Castillo 	T
 **E10 06-G/H** 	 bmarinb 	 Bruno MarÃ_n 	T	 jfcumsille 	 Juan Cumsille 	T
 **E15 01-A/B** 	 mhaacke 	 Michael Haacke 	T	 perojas3 	 Pablo Rojas 	T
 **E15 01-E** 	 Tblatrille 	 Tomás Latrille 	T	  	   	
 **E15 01-F** 	 martinvidal 	 Martín Vidal 		  	   	
 **E15 02-A/B** 	 vicentemartintarud 	 Vicente Martin 	T	 bicarcamo 	 Benjamín Cárcamo 	T
 **E15 02-C/D** 	 sdiez1 	 Sergio Diez 	T	 tsuarezsaieh 	 Tomas Suarez 	T
 **E15 02-E/F** 	 gantunesr 	 Gustavo Antunes 	T	 DiegoSilvaS 	 Diego Silva 	T
 **E15 02-G/H** 	 ManuelSIlvaCav 	 Manuel Silva 	T	 cpavez3 	 Cristóbal Pavez 	T
 **E15 02-I/J** 	 cggutierrez 	 Christopher Gutiérrez 	T	 RodrigoBocazG 	 Rodrigo Bocaz 	
 **E15 02-K/L** 	 sormazabal 	 Sofía Ormazabal 		 AlfonsoIgnacioV 	 Alfonso Valdes 	T
 **E15 03-A/B** 	 kcsss 	 Matias Caces 		 Hernan4444 	 Hernan Valdivieso 	T
 **E15 03-C/D** 	 pggodoy 	 Pablo Godoy 		 tnmarin 	 Tomás Marín 	T
 **E15 03-E/F** 	 isipalma 	 Isidora Palma 	T	 cnmoya 	 Cristóbal Moya 	
 **E15 03-G/H** 	 jpdattas 	 Jean Dattas 	T	 santiagocruzb 	 José Cruz 	T
 **E15 03-I/J** 	 Snorlax8 	 Cindy Tarud 	T	 Nebula2028 	 Patricio Salgado 	T
 **E15 03-K/L** 	 Zepk 	 Pedro Acuña 	T	 Mieynaudi 	 Matías Eynaudi 	T
 **E15 04-A/B** 	 gebalassa 	 Gabriel Balassa 	T	 bjassael 	 Benjamín Assael 	T
 **E15 04-C/D** 	 salangarica 	 Saul Langarica 	T	 jagalarce 	 Jeremy Galarce 	T
 **E15 04-E/F** 	 vbarros2 	 Vicente Barros 	T	 pmiquelv 	 Pedro Miquel 	T
 **E15 04-G/H** 	 fivargas 	 Felipe Vargas 		 Pochoclo 	 Nicolás Sepúlveda 	T
 **E15 04-I/J** 	 cataherrera 	 Catalina Herrera 	T	 agmardones 	 Andrés Mardones 	T
 **E15 04-K/L** 	 jonnylee719 	 Jonathan Lee 	T	 iguridi 	 Ignacio Guridi 	T
 **E15 05-A/B** 	 gdburky 	 Guillermo Burky 	T	 sggr94 	 Sebastián García 	T
 **E15 05-C/D** 	 fnquinteros 	 Felipe Quinteros 	T	 PipeQ 	 Andrés Quintana 	T
 **E15 05-E/F** 	 bleon1 	 Benjamín León 	T	 sialvarez 	 Sebastián Álvarez 	T
 **E15 05-G/H** 	 diegosapunar 	 Diego Sapunar 	T	 chapito96 	 Santiago Torres 	T
 **E15 05-I/J** 	 isarovic 	 Ignacio Sarovic 		 VNicholls 	 Vicente Nicholls 	T
 **E15 05-K/L** 	 jneyzaguirre 	 José Eyzaguirre 	T	 sitoro 	 Sebastián Toro 	T
 **E15 06-A/B** 	 Vjmoreno 	 Vicente Moreno 	T	 mfuenzalida1 	 Maximiliano Fuenzalida 	T
